{
"music_disc.coconutmall": {
    "sounds": [
        {
            "name": "records/coconutmall",
            "stream": true
        }
    ]
},

"music_disc.day": {
    "sounds": [
        {
            "name": "records/day",
            "stream": true
        }
    ]
},

"music_disc.diggydiggyhole": {
    "sounds": [
        {
            "name": "records/diggydiggyhole",
            "stream": true
        }
    ]
},

"music_disc.gerudovalley": {
    "sounds": [
        {
            "name": "records/gerudovalley",
            "stream": true
        }
    ]
},

"music_disc.gourmetrace": {
    "sounds": [
        {
            "name": "records/gourmetrace",
            "stream": true
        }
    ]
},

"music_disc.luigismansion": {
    "sounds": [
        {
            "name": "records/luigismansion",
            "stream": true
        }
    ]
},

"music_disc.megalovania": {
    "sounds": [
        {
            "name": "records/megalovania",
            "stream": true
        }
    ]
},

"music_disc.molgera": {
    "sounds": [
        {
            "name": "records/molgera",
            "stream": true
        }
    ]
},

"music_disc.songofstorms": {
    "sounds": [
        {
            "name": "records/songofstorms",
            "stream": true
        }
    ]
},

"music_disc.theelderscrolls": {
    "sounds": [
        {
            "name": "records/theelderscrolls",
            "stream": true
        }
    ]
},

"music_disc.thelastofus": {
    "sounds": [
        {
            "name": "records/thelastofus",
            "stream": true
        }
    ]
}
}