{
    "parent": "item/generated",
    "textures": {
        "layer0": "item/music_disc_11"
    },
    "overrides": [
        {
            "predicate": {
                "custom_model_data": 1
            },
            "model": "item/music_disc_coconutmall"
        },
        {
            "predicate": {
                "custom_model_data": 2
            },
            "model": "item/music_disc_day"
        },
        {
            "predicate": {
                "custom_model_data": 3
            },
            "model": "item/music_disc_diggydiggyhole"
        },
        {
            "predicate": {
                "custom_model_data": 4
            },
            "model": "item/music_disc_gerudovalley"
        },
        {
            "predicate": {
                "custom_model_data": 5
            },
            "model": "item/music_disc_gourmetrace"
        },
        {
            "predicate": {
                "custom_model_data": 6
            },
            "model": "item/music_disc_luigismansion"
        },
        {
            "predicate": {
                "custom_model_data": 7
            },
            "model": "item/music_disc_megalovania"
        },
        {
            "predicate": {
                "custom_model_data": 8
            },
            "model": "item/music_disc_molgera"
        },
        {
            "predicate": {
                "custom_model_data": 9
            },
            "model": "item/music_disc_songofstorms"
        },
        {
            "predicate": {
                "custom_model_data": 10
            },
            "model": "item/music_disc_theelderscrolls"
        },
        {
            "predicate": {
                "custom_model_data": 11
            },
            "model": "item/music_disc_thelastofus"
        }
    ]
}